"DESCRIPTION","DURATION IN MS","NAME","PARENT SUITE","START TIME","STATUS","STOP TIME","SUB SUITE","SUITE","TEST CLASS","TEST METHOD"
"","0","test_login","tests.pytest","Mon Sep 28 17:07:29 UTC 2026","passed","Mon Sep 28 17:07:29 UTC 2026","TestUserAuthentication","test_markers","",""
"","1","test_forgot_password_link","tests.pytest","Mon Sep 28 17:07:29 UTC 2026","passed","Mon Sep 28 17:07:29 UTC 2026","TestUserInterface","test_markers","",""
"","0","test_regression_case","tests.pytest","Mon Sep 28 17:07:35 UTC 2026","passed","Mon Sep 28 17:07:35 UTC 2026","","test_markers","",""
"","1453","Navigation from login page to registration page","LMS System","Mon Sep 28 17:07:06 UTC 2026","passed","Mon Sep 28 17:07:08 UTC 2026","Authorization","Authentification","",""
"","1780","Registration with correct email, username and password","LMS System","Mon Sep 28 17:07:08 UTC 2026","passed","Mon Sep 28 17:07:10 UTC 2026","Registration","Authentification","",""
"","0","test_logout","tests.pytest","Mon Sep 28 17:07:29 UTC 2026","passed","Mon Sep 28 17:07:29 UTC 2026","TestUserAuthentication","test_markers","",""
"","6584","Create course","LMS System","Mon Sep 28 17:07:12 UTC 2026","passed","Mon Sep 28 17:07:19 UTC 2026","Courses","Courses","",""
"","1697","Check displaying of dashboard page","LMS System","Mon Sep 28 17:07:27 UTC 2026","passed","Mon Sep 28 17:07:29 UTC 2026","Dashboard","Dashboard","",""
"","0","test_critical_login","tests.pytest","Mon Sep 28 17:07:29 UTC 2026","passed","Mon Sep 28 17:07:29 UTC 2026","","test_markers","",""
"","2874","User login with correct email and password","LMS System","Mon Sep 28 17:07:05 UTC 2026","passed","Mon Sep 28 17:07:08 UTC 2026","Authorization","Authentification","",""
"","10031","Edit course","LMS System","Mon Sep 28 17:07:12 UTC 2026","passed","Mon Sep 28 17:07:22 UTC 2026","Courses","Courses","",""
"","1738","User login with wrong email or password","LMS System","Mon Sep 28 17:07:04 UTC 2026","passed","Mon Sep 28 17:07:06 UTC 2026","Authorization","Authentification","",""
"","1675","User login with wrong email or password","LMS System","Mon Sep 28 17:07:03 UTC 2026","passed","Mon Sep 28 17:07:04 UTC 2026","Authorization","Authentification","",""
"","2284","User login with wrong email or password","LMS System","Mon Sep 28 17:07:03 UTC 2026","passed","Mon Sep 28 17:07:05 UTC 2026","Authorization","Authentification","",""
"","1429","Check displaying of empty courses list","LMS System","Mon Sep 28 17:07:10 UTC 2026","passed","Mon Sep 28 17:07:12 UTC 2026","Courses","Courses","",""
"","0","test_password_reset","tests.pytest","Mon Sep 28 17:07:29 UTC 2026","passed","Mon Sep 28 17:07:29 UTC 2026","TestUserAuthentication","test_markers","",""
